<?xml version="1.0" encoding="UTF-8"?>
<TEI xmlns="http://www.tei-c.org/ns/1.0">
  <teiHeader>
      <fileDesc>
         <titleStmt>
            <title>
               <emph rend="bold">The Last Flag of Truce:</emph>
Electronic Edition.</title>
            <author>Ward, Dallas T. </author>
            <funder>Funding from the Library of Congress/Ameritech National Digital
Library
Competition supported the electronic publication of this title.</funder>
            <respStmt>
               <resp>Text scanned (OCR) by</resp>
               <name xml:id="cg">Jeanine Cali</name>
            </respStmt>
            <respStmt>
               <resp>Images scanned by</resp>
               <name>Jill Kuhn</name>
            </respStmt>
            <respStmt>
               <resp>Text encoded by </resp>
               <name xml:id="ns">Natalia Smith</name>
            </respStmt>
         </titleStmt>
         <editionStmt>
            <edition>First edition, <date>1999</date>
            </edition>
         </editionStmt>
         <extent>ca. 60K</extent>
         <publicationStmt>
            <publisher>Academic Affairs Library, UNC-CH</publisher>
            <pubPlace>University of North Carolina at Chapel Hill,</pubPlace>
            <date>1999.</date>
            <availability status="unknown">
               <p xmlns:seasr="http://www.seasr.org/ns/services/openmary/tei/1.0"
                  seasr:id="600000067">© This work is the property of the University of North Carolina 
at Chapel Hill. It may be used freely by individuals for research, 
teaching and personal use as long as this statement of availability is 
included in the text.</p>
            </availability>
         </publicationStmt>
         <notesStmt>
            <note anchored="yes">Call number  Cp 970.76 W25 c.3 
(North Carolina Collection, UNC-CH)</note>
         </notesStmt>
         <sourceDesc>
            <bibl>
               <title>The Last Flag of Truce</title>
               <author>Ward, Dallas T.</author>
          
               <pubPlace>Franklinton, N.C. </pubPlace>
               <publisher>D.T. Ward? </publisher>
               <date>1915?</date>
          
            </bibl>
         </sourceDesc>
      </fileDesc>
      <encodingDesc>
         <projectDesc>
            <p xmlns:seasr="http://www.seasr.org/ns/services/openmary/tei/1.0"
               seasr:id="5000000105">The electronic edition is a part of the UNC-CH
digitization project, <hi rend="italics">Documenting the American South, 
Beginnings to 1920.</hi>
            </p>
         </projectDesc>
         <editorialDecl>
            <p xmlns:seasr="http://www.seasr.org/ns/services/openmary/tei/1.0"
               seasr:id="5000000113">Any hyphens occurring in line breaks have been 
removed, and the trailing part of a word has been joined to 
the preceding line.</p>
            <p xmlns:seasr="http://www.seasr.org/ns/services/openmary/tei/1.0"
               seasr:id="5000000116">All quotation marks and ampersand have been transcribed as
entity references.</p>
            <p xmlns:seasr="http://www.seasr.org/ns/services/openmary/tei/1.0"
               seasr:id="5000000119">All double right and left quotation marks are encoded as ” and “
respectively.</p>
            <p xmlns:seasr="http://www.seasr.org/ns/services/openmary/tei/1.0"
               seasr:id="5000000122">Indentation in lines has not been preserved.</p>
            <p xmlns:seasr="http://www.seasr.org/ns/services/openmary/tei/1.0"
               seasr:id="5000000125">Running titles have not been preserved.</p>
            <p xmlns:seasr="http://www.seasr.org/ns/services/openmary/tei/1.0"
               seasr:id="5000000128">Spell-check and verification made against printed text using Author/Editor 
(SoftQuad) and Microsoft Word spell check programs.</p>
         </editorialDecl>
         <classDecl>
            <taxonomy xml:id="lcsh">
               <bibl>
                  <title>Library of Congress Subject Headings, </title>
                  <edition>21st edition, 1998</edition>
               </bibl>
            </taxonomy>
         </classDecl>
      </encodingDesc>
      <profileDesc>
         <textClass>
            <keywords scheme="lcsh">
               <list type="simple">
                  <item>Ward, Dallas T.</item>
                  <item>Sherman's March through the Carolinas -- Personal
narratives.</item>
                  <item>Raleigh (N.C.) -- History -- 19th century.</item>
                  <item>North Carolina -- History -- Civil War, 1861-1865 -- Personal
narratives.</item>
                  <item>United States -- History -- Civil War, 1861-1865 -- Personal
narratives, Confederate.</item>
               </list>
            </keywords>
         </textClass>
      </profileDesc>

  </teiHeader>
  <text>
      <front>
         <titlePage>
            <docTitle>
               <titlePart type="main">THE LAST FLAG<lb/>OF TRUCE</titlePart>
            </docTitle>
            <docEdition>COPYRIGHTED</docEdition>
            <byline>
               <hi rend="italics">BY</hi>
            </byline>
            <docAuthor>DALLAS T. WARD</docAuthor>
            <docImprint>
               <pubPlace>Franklinton, N.C.</pubPlace>
            </docImprint>
         </titlePage>
         <div1 xmlns:seasr="http://www.seasr.org/ns/services/openmary/tei/1.0"
               seasr:sid="4000000208"
               type="title page image">
            <p seasr:id="5000000209">
               <figure sameAs="wardtp" xml:id="title">
                  <p seasr:id="7000000211">[Title Page Image]</p>
               </figure>
            </p>
         </div1>
         <div1 xmlns:seasr="http://www.seasr.org/ns/services/openmary/tei/1.0"
               seasr:sid="4000000220"
               type="frontispiece image">
            <p seasr:id="5000000221">
               <figure sameAs="wardfp1" xml:id="frontis">
                  <p seasr:id="7000000223">THE MAN WHO CARRIED THE<lb/>LAST FLAG OF TRUCE<lb/>[Frontispiece Image]</p>
               </figure>
            </p>
         </div1>
         <div1 xmlns:seasr="http://www.seasr.org/ns/services/openmary/tei/1.0"
               seasr:sid="4000000236"
               type="illustration">
            <p seasr:id="5000000237">
               <figure sameAs="wardfp2">
                  <p seasr:id="7000000239">[Illustration]</p>
               </figure>
            </p>
         </div1>
         <div1 xmlns:seasr="http://www.seasr.org/ns/services/openmary/tei/1.0"
               seasr:sid="4000000248"
               type="letter">
            <opener>Julian S. Carr<lb/>
Southern Securities and Investments<lb/>
Durham, N. C.
<dateline>December 16, 1914.</dateline>
               <hi rend="italics">Capt. Dallas Ward, <lb/>
                  <sic>Franklington</sic>, N. C.</hi>
               <salute>MY DEAR CAPT. WARD:</salute>
            </opener>
            <p seasr:id="5000000269">It is with great pleasure that I acknowledge receipt of your
highly esteemed favor of the 11th, enclosing account of “The Last
Railroad Flag of Truce During the War.”</p>
            <p seasr:id="5000000272">It is very interesting indeed and I thank you very
cordially for giving me the great pleasure of reading
it. By all means have it printed so that the story may
live, and the oncoming generations may have the
opportunity of reading it. The story is interesting and
historical and needs to live. I shall be glad to have
half a dozen copies of it when you have had it printed.</p>
            <p seasr:id="5000000275">I remember you very kindly and am so glad to hear from you
again. You and I were boys when these occurrences took place,
but they left their impression, and very rightly so, and amid it all
we have nothing to be ashamed of.</p>
            <p seasr:id="5000000278">May God bless you and spare you and keep you many years
for your friends to respect and love, one of whom I count myself.
You and I and a few others are all that is left of the “old guard,”
and let us love each other unto death.</p>
            <closer>
               <salute>With assurances of warm personal regards, I beg to remain,
<lb/>
Very sincerely yours,</salute>
               <signed>JULIAN S. CARR.</signed>
            </closer>
         </div1>
         <div1 xmlns:seasr="http://www.seasr.org/ns/services/openmary/tei/1.0"
               seasr:sid="4000000292"
               type="letter">
            <opener>STATE OF NORTH CAROLINA<lb/>
SUPREME COURT<lb/>
RALEIGH<lb/>
WALTER CLARK, CHIEF JUSTICE<lb/>
PLATT D. WALKER<lb/>
GEORGE H. BROWN<lb/>
WILLIAM A. HOKE<lb/>
W. R. ALLEN<lb/>
ASSOCIATE JUSTICES<lb/>
               <dateline>23 DEC. 1914.</dateline>
            </opener>
            <salute>
               <hi rend="italics">Capt. Dallas T. Ward,</hi>
               <lb/>
MY DEAR CAPTAIN:</salute>
            <p seasr:id="5000000323">I have read your “Flag of Truce” incident with much interest. It
is well written and I have reason to know from other sources that
it is accurate.</p>
            <p seasr:id="5000000326">It is an historical incident that ought to be preserved in some
permanent form for the future historian of those stirring times.</p>
            <closer>
               <salute>With high regard,
<lb/>
Most truly yours,</salute>
               <signed>WALTER CLARK.</signed>
            </closer>
         </div1>
         <div1 xmlns:seasr="http://www.seasr.org/ns/services/openmary/tei/1.0"
               seasr:sid="4000000340"
               type="dedication">
            <head>DEDICATED</head>
            <p seasr:id="5000000344">
               <hi rend="italics">To the Old Soldiers, Living and Dead; Also
Conductors and Engineers</hi>
            </p>
            <closer>
               <salute>Respectfully and fraternally</salute>
               <signed>DALLAS T. WARD</signed>
Franklinton, N. C.</closer>
         </div1>
         <div1 xmlns:seasr="http://www.seasr.org/ns/services/openmary/tei/1.0"
               seasr:sid="4000000359"
               type="introduction">
            <head>INTRODUCTION</head>
            <p seasr:id="5000000363">In response to frequent requests this pamphlet, containing a
narration of the Flag of Truce sent by Governor Z. B. Vance to
General W. T. Sherman the day before he reached Raleigh, N. C.,
is published.</p>
         </div1>
      </front>
      <body>
         <div1 xmlns:seasr="http://www.seasr.org/ns/services/openmary/tei/1.0"
               seasr:sid="4000000371"
               type="text">
            <pb n="9" xml:id="ward9"/>
            <head>The Last Railroad Flag of Truce<lb/>
During the Civil War</head>
            <p seasr:id="5000000379">When the war commenced between the States I was
a mere boy, fifteen years old. For over two years I
ran as a newsboy on the old Raleigh and Gaston
Railroad, now a part of the Seaboard Air Line from
Raleigh to Weldon. During these years I worked hard
and faithfully, and in a year or so was given the
position of conductor on the same line, and the historical
event I wish to narrate here occurred while I was
filling this position.</p>
            <p seasr:id="5000000382">When I was nineteen years old I was ordered to
take my train, consisting of seven cars loaded with
railroad supplies, and go ahead of General Joseph E.
Johnston's army to Greensboro, N. C., in order to keep
away from the enemy, General Sherman, who was so
rapidly advancing towards Raleigh, N. C.</p>
            <p seasr:id="5000000385">While waiting for final instructions to go to
Greensboro, I walked up to the Capitol and stood near
General Joseph E. Johnston, who was sitting on his horse
inside the Capitol gate, reviewing his troops as they
were passing up Fayetteville Street. It was a pathetic
sight to see the tattered, torn and hungry, but brave
soldiers on their retreat. While standing there a
messenger came to me and told me to report to the round
house or shops where I would find an engine with one
coach attached and with this I was to go at once to the
passenger station about one mile on the other side of
<pb n="10" xml:id="ward10"/>
the city (now the Southern freight depot), and wait for
further instructions. Everything seemed secretive, and the
railroad people could find out nothing. When later I was
asked to secure a white flag I understood it was a flag of
truce I was to conduct. It will probably add a more personal
and human touch if I tell you the difficulty I had in procuring
one. White cloth was exceedingly scarce, so we sent to
house after house in vain, but at last found a piece about
one yard square. The next problem was to find a staff, and
for this purpose a long-handled spear was excavated from a
nearby warehouse. After attaching the cloth and thinking
our labors ended along this line, we saw it would never do to
ride into the enemy's lines with the glittering spear shining.
We had the train hand take the flag down and cut off the
end. By this time the party arrived, consisting of
Ex-Governor W. A. Graham; Governor David L. Swain; Dr.
Edward Warren, Surgeon General of the State; Colonel Jas.
G. Burr, of Wilmington, N. C.; and Major John Devereux, of
Raleigh. They had been appointed by Governor Z. B. Vance
and his advisers to go under flag of truce to find General
Sherman and surrender the City of Raleigh, so as to prevent,
if possible the destruction that befell the City of Columbia,
S.C., where fourteen hundred buildings were burned.</p>
            <p seasr:id="5000000390">The members of the party conducted themselves
according to the dignity of the occasion. Only a few words
were spoken and they were almost in whispers. They
realized the peril of the moment, and we started off rather
sadly. We went on slowly for fear our
<pb n="11" xml:id="ward11"/>
soldiers might not understand our mission and send a stray
bullet through our coach.</p>
            <p seasr:id="5000000395">Our trip was unmolested until General Wade Hampton,
who was covering the retreat, motioned to us to stop. We
left the coach and walked out to meet him, with his staff
about him, with Governor Graham, in his gentle, dignified
manner, as spokesman. After a short conference with
General Hampton, and having gained his consent, we
proceeded towards Sherman's quarters.</p>
            <p seasr:id="5000000398">You who think this an enviable trip will probably
change when I tell you of the roaring cannons and firing of
infantry just ahead of us.</p>
            <p seasr:id="5000000401">We went slowly on, however, until we saw a fine charger
dashing towards us through an open field, with a soldier
waving his saber frantically at us. We halted, and he
breathlessly told us General Hampton had ordered us to
stop on account of the hazardousness of the journey. No
sooner said than done. We immediately ordered the engineer
to move quickly back. Upon reaching Hampton again, he
told Governor Graham that he had received a courier
message from General Johnston stating it would not be safe
for the flag of truce to continue, and, in the meantime
General Kilpatrick had gotten in his rear. We were in quite a
dilemma. So I called my old friend, Major Devereux, aside
and suggested that we try to get back to Raleigh. I felt sure
that Kilpatrick knew there was no rolling stock on this end of
the line between Goldsboro and Raleigh, and that he would
not probably tear up the track. We were badly frightened,
you may be sure.
<pb n="12" xml:id="ward12"/>
However, the final verdict was to try to get back to Raleigh
and not fall into the hands of Kilpatrick's men.</p>
            <p seasr:id="5000000406">In all of this excitement General Hampton showed
remarkable composure.</p>
            <p seasr:id="5000000409">We proceeded slowly and Dr. Warren stood on the
platform next to the engine tender with me while I held firmly
to the bell cord, so at the first glimpse of soldiers I might
signal the train to stop. We did not go many miles either
before I spied two or three cavalrymen on the railroad bank a
short distance ahead. My exclamation was, “Doc, yonder are
the Yankees.” We went into the coach to report the fact, and
you can know our hearts were in our throats as we moved
slowly into a railroad cut. They piled down upon us like wild
Indians, and had not officers appeared, would have in all
probability, taken our lives. They ordered the official party
out, and it was a heart rending sight to see the stately old
gentleman climbing up the bank to be led away to Kilpatrick's
headquarters in the saddle some distance in the woods.</p>
            <p seasr:id="5000000412">Pardon a personal allusion, when I tell what transpired
while they were away. At first I resisted the insults thrust
upon me. However a loaded musket pointed in my face, with
the threat to blow my brains out, brought me quickly into
submission. They robbed me of twenty-two hundred dollars
in Confederate money, also of my watch and everything of
value on the car. They then enjoyed making sport of me and
calling me little Johnnie rebel. I wasn't even permitted to
speak to my engineer, Mr. Faison. They took the
<pb n="13" xml:id="ward13"/>
throttle lever off, put the fire out in the engine, and placed a
strong guard over us.</p>
            <p seasr:id="5000000417">To add to the appalling situation, I could see up on the
banks wounded men and blood flowing from the horses, and
hear the constant firing of guns in the near distance.
Naturally I was becoming alarmed about the official party,
but officers soon came and told me they were safe and also
told me General Kilpatrick wished to see me. I summoned my
courage and obediently followed them a half mile or so into
the woods. There I found the General sitting upon his horse
with his staff near him. The following are some of his
questions to me: “Are you the conductor in charge of the
flag of truce? When did you leave Raleigh? Who is in the
party? Do you think Johnston will make a stand to fight us
in Raleigh? How many men do you suppose he has?” etc. I
answered as courteously and briefly as I could, for I wasn't
altogether comfortable to hear bullets whizzing through the
pines, but, like an eel being skinned, I was getting used to
the situation and was more composed.</p>
            <p seasr:id="5000000420">Kilpatrick, on the other hand, seemed angry and greatly
excited and cursed at his men to go do this and that. After
having obtained the desired information he permitted me to
be carried back to my coach and ordered the soldiers to fire
my engine for me.</p>
            <p seasr:id="5000000423">In those days we used wood for fuel, and our supply was
almost exhausted. However, the soldiers replenished it with
broken fence rails. You may be sure I was glad to get back
and also to find all of our party sitting quietly in the car.
Adjutant General
<pb n="14" xml:id="ward14"/>
Estes, of Kilpatrick's staff, was then instructed to conduct us
to General Sherman's camp. With thirty or forty soldiers in
and on top of the coach we resumed our sad mission. I
reported to Major Devereux the treatment I had received at
the hands of the enemy during their absence. General Estes
promised to regain my watch, etc., but this he never did.
From this time on it seemed as if the whole of Sherman's
army was lined up on either side of the track, and as it was
growing late the camp fires were a picturesque scene. Upon
reaching Sherman's headquarters at Clayton, N. C., we were
escorted to the General's tent. He met us cordially, and after
Governor Graham made known our mission and read the
papers signed by Governor Vance, General Sherman assured
us that the flag of truce would be respected.</p>
            <p seasr:id="5000000428">Then followed the never-to-be-forgotten supper,
after the day so full of excitement. After the meal an
animated conversation ensued between Governor Swain,
Governor Graham and General Sherman. Governor Swain,
who was in his declining years, was somewhat deaf.
However, his rejoinders were always witty and caused some
merriment.</p>
            <p seasr:id="5000000431">When Taps sounded, General Sherman saw that all of us
were as comfortably settled as bunks would allow for the
night. I was put in the tent adjoining General Sherman, and
actually slept for a few hours. I have forgotten the name but
remember very pleasantly the general with whom I slept. I
wish to speak of his great admiration for General Johnston,
although he was fighting him every day. His ability as a leader was
<pb n="15" xml:id="ward15"/>
in his opinion worth more than passing notice. No one
could surpass him on a retreat, as it was often said that
even a camp kettle could scarcely be found behind him.</p>
            <p seasr:id="5000000436">Upon leaving the following morning, General Sherman
escorted us to our train, shook hands with each
one of us and wished us a safe trip back to Raleigh.
He said he would be there in a few hours.</p>
            <p seasr:id="5000000439">We continued our journey home peaceably until we
reached Garner, at that time a wood and water station five
miles from Raleigh.</p>
            <p seasr:id="5000000442">There we saw General Kilpatrick and his staff. They were
all clothed in bright new uniforms and on fine fat horses, a
new flag waving above their heads. He rode up near our
coach and Governor Graham raised his window in
recognition of his approach. This was what the former said:
“You can go on to Raleigh, as this flag of truce has been
recognized and the City of Raleigh surrendered. If you show
any resistance, however, <hi rend="italics">we will give you hell</hi>. Now you
had better put up your white flag, too, or your own men may
make a mistake and fire upon you. As soon as you leave me
you are in General Hampton's lines.”</p>
            <p seasr:id="5000000448">Again we had difficulty in fashioning a flag, for ours had
been taken on the day before. Our cloth remained, but we
had no staff. At last we found an old persimmon tree, from
which we cut a very crooked branch. This wasn't
substantial enough, so we sent Bob, a faithful old colored
hand, up on top of the coach to hold it. He was frightened
but held to the flag just the same.</p>
            <pb n="16" xml:id="ward16"/>
            <p seasr:id="5000000453">At last the perilous journey was ended and we reached Raleigh
as Kilpatrick's men were also reaching there. On that day I saw
General Sherman review his troops from the same place that on
the day before I saw General Johnston review his. The contrast
was a great one, for Sherman's men were clad in new uniforms.</p>
            <p seasr:id="5000000456">Many other cruel and exciting instances might be cited, but my
story is long enough. To my readers I wish to say in closing, this
is simply but truthfully told. Many years have elapsed since that
time, and I am now past sixty-eight years old. However, a hundred
more years would not efface the <sic>memeory</sic> of that most eventful
day of my youth.</p>
         </div1>
      </body>
      <back>
         <div1 xmlns:seasr="http://www.seasr.org/ns/services/openmary/tei/1.0"
               seasr:sid="4000000467"
               type="advertisement">
            <p seasr:id="5000000468">Additional copies of this booklet can be had at 25c.</p>
            <p seasr:id="5000000471">
Address
<lb/>
DALLAS T. WARD,<lb/>
               <hi rend="italics">Franklinton, N. C.</hi>
            </p>
         </div1>
      </back>
  </text>
</TEI>
